timestamp,tel_pezzi_prodotti,tel_tempo_attivo,tel_tempo_fermo,tel_velocità_nominale,disponibilità,efficienza
2020-04-09 04:00:00,703.6939574532801,1618,1980,0.46462020000000764,0.4497,0.9361
2020-04-09 05:00:00,1320.959660229724,2975,630,0.46462020000000764,0.8252,0.9557
2020-04-09 06:00:00,886.0295598495056,2031,1569,0.46462020000000764,0.5642,0.9389
2020-04-09 07:00:00,542.5465694237151,1263,2337,0.46462020000000764,0.3508,0.9246
2020-04-09 08:00:00,948.4811773831743,2154,1446,0.46462020000000764,0.5983,0.9477
2020-04-09 09:00:00,655.1824466428571,1490,2110,0.46462020000000764,0.4139,0.9464
2020-04-09 10:00:00,1227.8401638039907,2750,850,0.46462020000000764,0.7639,0.961
2020-04-09 11:00:00,621.1688098133767,1426,2172,0.46462020000000764,0.3963,0.9375
2020-04-09 12:00:00,1107.9555749351805,2488,1112,0.46462020000000764,0.6911,0.9585
2020-04-09 13:00:00,1436.383384096314,3218,382,0.46462020000000764,0.8939,0.9607
2020-04-09 14:00:00,1025.9881016289373,2301,1299,0.46462020000000764,0.6392,0.9597
2020-04-09 15:00:00,250.92095460841247,567,3033,0.46462020000000764,0.1575,0.9525
2020-04-09 16:00:00,75.27624084974397,194,3381,0.46462020000000764,0.0543,0.8351
2020-04-09 17:00:00,181.22072299531217,408,3192,0.46462020000000764,0.1133,0.956
2020-04-09 18:00:00,843.0944857263102,1919,1679,0.46462020000000764,0.5334,0.9456
2020-04-09 19:00:00,1435.8257608708798,3212,388,0.46462020000000764,0.8922,0.9621
2020-04-09 20:00:00,1399.5815335694233,3144,456,0.46462020000000764,0.8733,0.9581
2020-04-09 21:00:00,1443.6314685087168,3166,434,0.46462020000000764,0.8794,0.9814
2020-04-09 22:00:00,1341.032846517009,2979,621,0.46462020000000764,0.8275,0.9689
2020-04-09 23:00:00,1472.0699091869026,3291,309,0.46462020000000764,0.9142,0.9627
2020-04-10 00:00:00,416.5288173592254,960,2640,0.46462020000000764,0.2667,0.9338
2020-04-10 04:00:00,714.8458690639219,1626,1974,0.46462020000000764,0.4517,0.9462
2020-04-10 05:00:00,1472.6269191136723,3231,374,0.46462020000000764,0.8963,0.981
2020-04-10 06:00:00,1415.193631836792,3086,519,0.46462020000000764,0.856,0.987
2020-04-10 07:00:00,1446.4193848492012,3138,467,0.46462020000000764,0.8705,0.9921
2020-04-10 08:00:00,1286.3875777970566,2807,793,0.46462020000000764,0.7797,0.9864
2020-04-10 09:00:00,1075.0564458104514,2340,1265,0.46462020000000764,0.6491,0.9888
2020-04-10 10:00:00,1343.8205723632104,2916,684,0.46462020000000764,0.81,0.9919
2020-04-10 11:00:00,564.2930574840901,1252,2343,0.46462020000000764,0.3483,0.9701
2020-04-10 12:00:00,1110.7429987782525,2459,1141,0.46462020000000764,0.6831,0.9722
2020-04-10 13:00:00,1281.9273214473,2911,689,0.46462020000000764,0.8086,0.9478
2020-04-10 14:00:00,968.5549119222969,2219,1381,0.46462020000000764,0.6164,0.9394
2020-04-10 15:00:00,997.5501952639811,2268,1332,0.46462020000000764,0.63,0.9467
2020-04-10 16:00:00,1313.7106140535057,2954,646,0.46462020000000764,0.8206,0.9572
2020-04-10 17:00:00,1105.7250169866165,2465,1140,0.46462020000000764,0.6838,0.9655
2020-04-10 18:00:00,951.8268377503443,2140,1455,0.46462020000000764,0.5953,0.9573
2020-04-10 19:00:00,1528.945145787765,3393,207,0.46462020000000764,0.9425,0.9699
2020-04-10 20:00:00,1348.2819763248622,3016,584,0.46462020000000764,0.8378,0.9622
2020-04-10 21:00:00,1366.68283654148,3041,559,0.46462020000000764,0.8447,0.9673
2020-04-10 22:00:00,679.7169857835734,1539,1971,0.46462020000000753,0.4385,0.9506
2020-04-10 23:00:00,1291.4065724607278,2875,725,0.46462020000000764,0.7986,0.9668
2020-04-11 00:00:00,608.9015123658063,1358,2242,0.46462020000000764,0.3772,0.965
2020-04-13 04:00:00,1.1151906964440002,26,3573,0.46462020000000764,0.0072,0.0923
2020-04-13 05:00:00,391.4365481304297,934,2666,0.4646202000000068,0.2594,0.902
2020-04-13 06:00:00,1004.7991206389471,2235,1365,0.46462020000000764,0.6208,0.9676
2020-04-13 07:00:00,44.05050177593999,116,3484,0.46462020000000764,0.0322,0.8173
2020-04-13 08:00:00,533.067606474809,1204,2396,0.46462020000000764,0.3344,0.9529
2020-04-13 09:00:00,1026.545529713887,2291,1309,0.46462020000000764,0.6364,0.9644
2020-04-13 10:00:00,998.665372021819,2232,1368,0.46462020000000764,0.62,0.963
2020-04-13 11:00:00,751.090096365381,1669,1930,0.46462020000000764,0.4637,0.9686
2020-04-13 12:00:00,1178.7703607150481,2558,1042,0.46462020000000764,0.7106,0.9918
2020-04-13 13:00:00,1138.0651940721393,2464,1136,0.46462020000000764,0.6844,0.9941
2020-04-13 14:00:00,1346.0506842763825,2904,696,0.46462020000000764,0.8067,0.9976
2020-04-13 15:00:00,943.4619922252195,2036,1564,0.464620200000007,0.5656,0.9974
2020-04-13 16:00:00,1219.4751556617966,2626,974,0.46462020000000764,0.7294,0.9995
2020-04-13 17:00:00,378.05397635477976,833,2767,0.46462020000000764,0.2314,0.9768
2020-04-14 04:00:00,139.40029596292797,342,3211,0.46462020000000753,0.0963,0.8773
2020-04-14 05:00:00,1282.481766670567,2757,883,0.46462020000000415,0.7574,1.0012
2020-04-14 06:00:00,1455.3374490002652,3070,495,0.464620200000004,0.8612,1.0203
2020-04-14 07:00:00,1162.0411342849998,2468,1172,0.4646202000000066,0.678,1.0134
2020-04-14 08:00:00,744.3971262293294,1612,1988,0.46462020000000653,0.4478,0.9939
2020-04-14 09:00:00,935.6542681357109,1988,1547,0.46462020000000315,0.5624,1.013
2020-04-14 10:00:00,1390.6548785908647,2937,728,0.4646202000000015,0.8014,1.0191
2020-04-14 11:00:00,997.5476305604717,2130,1453,0.464620200000004,0.5945,1.008
2020-04-14 12:00:00,1383.4075329245757,2925,690,0.46462020000000454,0.8091,1.0179
2020-04-14 13:00:00,668.5637732363714,1413,2147,0.4646202000000052,0.3969,1.0184
2020-04-14 14:00:00,940.6728074715895,1987,1653,0.46462020000000637,0.5459,1.0189
2020-04-14 15:00:00,570.9839739988558,1225,1730,0.4646202000000065,0.4146,1.0032
2020-04-14 16:00:00,181.2204488693941,414,1826,0.4646202000000044,0.1848,0.9421
2020-04-14 17:00:00,355.1915913752579,757,2843,0.46462020000000326,0.2103,1.0099
2020-04-15 04:00:00,275.45515922258426,628,2971,0.46462020000000764,0.1745,0.944
2020-04-15 05:00:00,1296.9812714684076,2737,863,0.46462020000000764,0.7603,1.0199
2020-04-15 06:00:00,1254.6036207839632,2647,953,0.46462020000000764,0.7353,1.0201
2020-04-15 07:00:00,1284.1564715966563,2722,878,0.46462020000000764,0.7561,1.0154
2020-04-15 08:00:00,940.6738389284336,1992,1608,0.46462020000000764,0.5533,1.0164
2020-04-15 09:00:00,816.8862498853356,1752,1848,0.46462020000000764,0.4867,1.0035
2020-04-15 10:00:00,1446.418376623371,3049,551,0.4646202000000073,0.8469,1.021
2020-04-15 11:00:00,988.6260864041153,2109,1490,0.46462020000000503,0.586,1.0089
2020-04-15 12:00:00,1170.4057567924278,2489,1111,0.46462020000000764,0.6914,1.0121
2020-04-15 13:00:00,1501.063798667985,3207,393,0.46462020000000764,0.8908,1.0074
2020-04-15 14:00:00,1318.1709122190812,2861,739,0.46462020000000764,0.7947,0.9916
2020-04-15 15:00:00,1189.3647606091035,2600,1000,0.46462020000000764,0.7222,0.9846
2020-04-15 16:00:00,1216.6873415377565,2646,954,0.46462020000000764,0.735,0.9897
2020-04-15 17:00:00,472.84636568782724,1033,2567,0.46462020000000764,0.2869,0.9852
2020-04-16 04:00:00,165.0500676159061,397,3199,0.46462020000000764,0.1104,0.8948
2020-04-16 05:00:00,1481.5482077289219,3218,382,0.46462020000000764,0.8939,0.9909
2020-04-16 06:00:00,850.9003838584293,1869,1731,0.46462020000000764,0.5192,0.9799
2020-04-16 07:00:00,1328.7648846625523,2842,758,0.46462020000000764,0.7894,1.0063
2020-04-16 08:00:00,1224.4930259445837,2603,997,0.46462020000000764,0.7231,1.0125
2020-04-16 09:00:00,1090.1110927618604,2308,1292,0.46462020000000764,0.6411,1.0166
2020-04-16 10:00:00,1274.6772298756307,2692,908,0.46462020000000764,0.7478,1.0191
2020-04-16 11:00:00,652.9514612437096,1398,2198,0.46462020000000764,0.3888,1.0053
2020-04-16 12:00:00,1228.3962212593499,2604,996,0.46462020000000764,0.7233,1.0153
2020-04-16 13:00:00,825.808007766988,1765,1835,0.46462020000000764,0.4903,1.007
2020-04-16 14:00:00,1435.2676358556298,3152,448,0.46462020000000764,0.8756,0.9801
2020-04-16 15:00:00,1269.102205633811,2783,817,0.46462020000000764,0.7731,0.9815
2020-04-16 16:00:00,917.2553732625416,2019,1581,0.46462020000000764,0.5608,0.9778
2020-04-16 17:00:00,146.6492213378939,340,3260,0.46462020000000764,0.0944,0.9283
2020-04-17 04:00:00,275.4553590092703,633,2963,0.46462020000000764,0.176,0.9366
2020-04-17 05:00:00,705.9241297670776,1560,2054,0.46462020000000764,0.4317,0.9739
2020-04-17 06:00:00,0.0,2,3543,0.4646202000000076,0.0006,0.0
2020-04-17 07:00:00,830.2688960002182,1808,1795,0.46462020000000764,0.5018,0.9884
2020-04-17 08:00:00,1156.465887025484,2484,1128,0.46462020000000764,0.6877,1.002
2020-04-17 09:00:00,1550.1327329171534,3302,317,0.46462020000000764,0.9124,1.0104
2020-04-17 10:00:00,1144.1993143854277,2541,1059,0.46462020000000764,0.7058,0.9692
2020-04-17 11:00:00,656.2978650031991,1498,2101,0.46462020000000764,0.4162,0.943
2020-04-17 12:00:00,1288.0611955118811,2888,714,0.46462020000000764,0.8018,0.9599
2020-04-17 13:00:00,1530.0606106101268,3428,177,0.46462020000000764,0.9509,0.9607
2020-04-17 14:00:00,1426.9041144980756,3202,402,0.46462020000000764,0.8885,0.9591
2020-04-17 15:00:00,1426.9041191442782,3205,395,0.46462020000000764,0.8903,0.9582
2020-04-17 16:00:00,999.2231996801407,2251,1349,0.46462020000000764,0.6253,0.9554
2020-04-17 17:00:00,920.0436659453877,2068,1533,0.4646202000000076,0.5743,0.9575
2020-04-20 04:00:00,78.06414325162197,225,3371,0.46462020000000764,0.0626,0.7467
2020-04-20 05:00:00,351.2887863414598,860,2740,0.46462020000000764,0.2389,0.8792
2020-04-20 06:00:00,922.2737081655298,2119,1481,0.46462020000000764,0.5886,0.9368
2020-04-20 07:00:00,1042.1581483558816,2410,1190,0.46462020000000764,0.6694,0.9307
2020-04-20 08:00:00,1130.816942396465,2593,1007,0.46462020000000764,0.7203,0.9386
2020-04-20 09:00:00,791.7947658646777,1845,1755,0.46462020000000764,0.5125,0.9237
2020-04-20 10:00:00,1170.964169872204,2691,909,0.46462020000000764,0.7475,0.9366
2020-04-20 11:00:00,797.9284308501701,1851,1745,0.46462020000000764,0.5147,0.9278
2020-04-20 12:00:00,1317.0559398941334,3030,570,0.46462020000000764,0.8417,0.9355
2020-04-20 13:00:00,741.0530409246389,1702,1898,0.46462020000000764,0.4728,0.9371
2020-04-20 14:00:00,572.6572525409338,1317,2283,0.46462020000000764,0.3658,0.9359
2020-04-20 15:00:00,1403.4842410329804,3235,365,0.46462020000000764,0.8986,0.9338
2020-04-20 16:00:00,1041.042892612609,2394,1206,0.46462020000000764,0.665,0.9359
2020-04-20 17:00:00,1227.8395086895102,2818,782,0.46462020000000753,0.7828,0.9378
2020-04-20 18:00:00,475.076816773745,1119,2477,0.46462020000000764,0.3112,0.9138
2020-04-20 19:00:00,834.1725977510026,1897,1703,0.46462020000000714,0.5269,0.9464
2020-04-20 20:00:00,1203.8628204381268,2750,850,0.46462020000000764,0.7639,0.9422
2020-04-20 21:00:00,1149.2176771656293,2647,953,0.46462020000000764,0.7353,0.9344
2020-04-20 22:00:00,740.4946882454911,1803,1797,0.46462020000000764,0.5008,0.884
2020-04-20 23:00:00,1171.5210915211378,2776,824,0.46462020000000764,0.7711,0.9083
2020-04-21 00:00:00,453.8877196287052,1073,2527,0.46462020000000764,0.2981,0.9104
2020-04-21 04:00:00,447.7540546432132,1110,2486,0.46462020000000764,0.3087,0.8682
2020-04-21 05:00:00,1175.424240373884,2788,812,0.46462020000000764,0.7744,0.9074
2020-04-21 06:00:00,783.43023628129,1872,1728,0.46462020000000764,0.52,0.9007
2020-04-21 07:00:00,756.6653715021098,1798,1802,0.46462020000000764,0.4994,0.9058
2020-04-21 08:00:00,983.6091639465378,2337,1263,0.46462020000000764,0.6492,0.9059
2020-04-21 09:00:00,576.5599785892972,1412,2188,0.46462020000000764,0.3922,0.8788
2020-04-21 10:00:00,281.0311034124003,726,2849,0.4646202000000076,0.2031,0.8331
2020-04-21 11:00:00,904.9873928232782,2170,1426,0.46462020000000764,0.6034,0.8976
2020-04-21 12:00:00,1181.5573478151316,2804,796,0.4646202000000063,0.7789,0.9069
2020-04-21 13:00:00,172.29887683582209,408,3192,0.46462020000000764,0.1133,0.9089
2020-04-21 14:00:00,822.4624170928489,1947,1653,0.46462020000000764,0.5408,0.9092
2020-04-21 15:00:00,1170.9628364122289,2780,820,0.46462020000000603,0.7722,0.9066
2020-04-21 16:00:00,452.77208289686973,1091,2509,0.4646202000000073,0.3031,0.8932
2020-04-21 17:00:00,809.636604349058,1940,1660,0.46462020000000553,0.5389,0.8982
2020-04-21 18:00:00,539.2009462261612,1290,2306,0.46462020000000764,0.3587,0.8996
2020-04-21 19:00:00,1165.388457992487,2649,951,0.4646202000000075,0.7358,0.9469
2020-04-21 20:00:00,1112.9736682356659,2552,1048,0.46462020000000764,0.7089,0.9387
2020-04-21 21:00:00,804.6196214908539,1861,1739,0.46462020000000764,0.5169,0.9306
2020-04-21 22:00:00,1183.23136510333,2726,874,0.46462020000000764,0.7572,0.9342
2020-04-21 23:00:00,1294.1941078126501,2982,618,0.46462020000000764,0.8283,0.9341
2020-04-22 00:00:00,533.067476381153,1233,2367,0.46462020000000764,0.3425,0.9305
2020-04-22 04:00:00,317.83299575511006,761,2835,0.46462020000000764,0.2116,0.8989
2020-04-22 05:00:00,852.573337166369,1974,1626,0.46462020000000764,0.5483,0.9296
2020-04-22 06:00:00,93.67709642015994,219,3381,0.46462020000000764,0.0608,0.9206
2020-04-22 07:00:00,0.0,0,3600,0.46462020000000764,0.0,
2020-04-22 08:00:00,400.35814339501155,1000,2600,0.46462020000000764,0.2778,0.8617
2020-04-22 09:00:00,547.5650390665613,1275,2325,0.46462020000000764,0.3542,0.9243
2020-04-22 10:00:00,697.560013695668,1611,1989,0.46462020000000764,0.4475,0.9319
2020-04-22 11:00:00,587.7117601062847,1380,2216,0.46462020000000687,0.3838,0.9166
2020-04-22 12:00:00,1029.8892851382323,2398,1192,0.46462019999999904,0.668,0.9244
2020-04-22 13:00:00,1304.229616068132,3072,538,0.464620200000006,0.851,0.9138
2020-04-22 14:00:00,865.9545615434372,2083,1517,0.46462020000000526,0.5786,0.8948
2020-04-22 15:00:00,1085.6499768647361,2603,997,0.46462020000000714,0.7231,0.8977
2020-04-22 16:00:00,187.9117184955121,458,3142,0.46462020000000764,0.1272,0.8831
2020-04-22 17:00:00,0.0,0,3600,0.46462020000000764,0.0,
2020-04-23 11:00:00,391.4362600659056,967,2631,0.46462020000000764,0.2688,0.8712
2020-04-23 12:00:00,1223.3771336716463,2989,611,0.46462020000000764,0.8303,0.8809
2020-04-23 13:00:00,1067.805378536369,2721,879,0.46462020000000764,0.7558,0.8446
2020-04-23 14:00:00,962.4188355579695,2452,1148,0.46462020000000764,0.6811,0.8448
2020-04-23 15:00:00,279.35798284119016,742,2855,0.46462020000000737,0.2063,0.8103
2020-04-23 16:00:00,206.31252295770622,520,3035,0.4646202000000076,0.1463,0.8539
2020-04-23 17:00:00,510.20528189591306,1235,2365,0.46462020000000764,0.3431,0.8892
2020-04-24 11:00:00,15.612795197669998,68,3532,0.46462020000000764,0.0189,0.4942
2020-04-24 12:00:00,1036.0227317522383,2596,1004,0.46462020000000764,0.7211,0.8589
2020-04-24 13:00:00,1154.7916560120022,2883,717,0.46462020000000764,0.8008,0.8621
2020-04-24 14:00:00,783.9870975295964,1950,1650,0.46462020000000764,0.5417,0.8653
2020-04-24 15:00:00,1027.1011318414537,2547,1053,0.46462020000000764,0.7075,0.8679
2020-04-24 16:00:00,361.882716969114,952,6248,0.4646202000000101,0.1322,0.8181
2020-04-27 04:00:00,3.345599966544001,40,3550,0.46462020000000764,0.0111,0.18
2020-04-27 05:00:00,0.0,0,3600,0.46462020000000764,0.0,
2020-04-27 06:00:00,0.0,0,3605,0.46462020000000764,0.0,
2020-04-27 07:00:00,0.0,0,3605,0.46462020000000764,0.0,
2020-04-27 08:00:00,6.691153471068,72,3533,0.46462020000000764,0.02,0.2
2020-04-27 09:00:00,0.0,0,3601,0.4646202000000073,0.0,
2020-04-27 10:00:00,0.0,0,3607,0.46462020000000753,0.0,
2020-04-27 11:00:00,0.0,0,3609,0.46462020000000737,0.0,
2020-04-27 12:00:00,0.0,0,3605,0.46462020000000753,0.0,
2020-04-27 13:00:00,70.81529221588798,211,3514,0.46462020000000764,0.0566,0.7223
2020-04-27 14:00:00,838.0742830501174,2111,1489,0.46462020000000764,0.5864,0.8545
2020-04-27 15:00:00,32.898441486834,93,3562,0.46462020000000764,0.0254,0.7614
2020-04-27 16:00:00,0.0,8,3602,0.46462020000000764,0.0022,0.0
2020-04-27 17:00:00,420.9887809982578,1058,2542,0.46462020000000764,0.2939,0.8564
2020-04-28 04:00:00,0.0,0,3597,0.46462020000000764,0.0,
2020-04-28 05:00:00,534.7393099544096,1360,2245,0.46462020000000764,0.3773,0.8463
2020-04-28 06:00:00,833.0563105508874,2035,1565,0.46462020000000764,0.5653,0.8811
2020-04-28 07:00:00,8.921604556986,41,3559,0.46462020000000764,0.0114,0.4683
2020-04-28 08:00:00,586.0388857837805,1438,2162,0.46462020000000764,0.3994,0.8771
2020-04-28 09:00:00,1213.8982822315857,2924,676,0.46462020000000764,0.8122,0.8935
2020-04-28 10:00:00,975.2447691030075,2357,1243,0.46462020000000764,0.6547,0.8905
2020-04-28 11:00:00,278.8007080809063,696,2911,0.46462020000000764,0.193,0.8622
2020-04-28 12:00:00,937.8853464589038,2276,1324,0.46462020000000764,0.6322,0.8869
2020-04-28 13:00:00,1165.3867807135691,2816,784,0.46462020000000764,0.7822,0.8907
2020-04-28 14:00:00,1209.437296428114,2919,681,0.46462020000000764,0.8108,0.8918
2020-04-28 15:00:00,1062.2305866046465,2567,1033,0.46462020000000764,0.7131,0.8906
2020-04-28 16:00:00,1274.1188911350957,3102,503,0.46462020000000764,0.8605,0.884
2020-04-28 17:00:00,942.9033840049633,2318,587,0.46462020000000637,0.7979,0.8755
2020-04-29 04:00:00,176.2018305480841,518,2812,0.4646202000000072,0.1556,0.7321
2020-04-29 05:00:00,1099.5899534943255,2660,940,0.46462020000000764,0.7389,0.8897
2020-04-29 06:00:00,1428.0176650852159,3304,296,0.46462020000000764,0.9178,0.9302
2020-04-29 07:00:00,1077.8442552882893,2325,1280,0.46462020000000764,0.6449,0.9978
2020-04-29 08:00:00,1454.7830363004107,3141,459,0.46462020000000764,0.8725,0.9969
2020-04-29 09:00:00,936.7709316781916,2032,1568,0.46462020000000764,0.5644,0.9922
2020-04-29 10:00:00,1336.571549418003,2887,713,0.46462020000000764,0.8019,0.9964
2020-04-29 11:00:00,784.5456964574491,1726,1960,0.46462020000000764,0.4683,0.9783
2020-04-29 12:00:00,1300.8859024595924,2922,678,0.46462020000000764,0.8117,0.9582
2020-04-29 13:00:00,1445.8619985800692,3183,417,0.46462020000000764,0.8842,0.9777
2020-04-29 14:00:00,1541.7694345772961,3359,241,0.46462020000000764,0.9331,0.9879
2020-04-29 15:00:00,1109.6278545438286,2428,1177,0.46462020000000764,0.6735,0.9836
2020-04-29 16:00:00,1362.2215301500698,2974,636,0.46462020000000764,0.8238,0.9858
2020-04-29 17:00:00,487.90171886194116,1072,2528,0.46462020000000764,0.2978,0.9796
2020-04-29 18:00:00,0.0,0,3596,0.46462020000000764,0.0,
2020-04-29 19:00:00,1161.4848398733388,2561,1039,0.46462020000000764,0.7114,0.9761
2020-04-29 20:00:00,1306.4613123361783,2848,752,0.46462020000000764,0.7911,0.9873
2020-04-29 21:00:00,1513.889258300421,3309,296,0.46462020000000764,0.9179,0.9847
2020-04-29 22:00:00,1255.1619177086875,2749,851,0.46462020000000764,0.7636,0.9827
2020-04-29 23:00:00,1246.7979270847318,2727,873,0.46462020000000764,0.7575,0.984
2020-04-30 00:00:00,661.3159164878655,1446,2154,0.46462020000000764,0.4017,0.9843
2020-04-30 07:00:00,4575.684617610096,10020,4375,0.46462019999999954,0.6961,0.9829
2020-04-30 08:00:00,1173.7520258120599,2563,1042,0.46462020000000764,0.711,0.9857
2020-04-30 09:00:00,841.4213047544742,1843,1757,0.46462020000000764,0.5119,0.9826
2020-04-30 10:00:00,858.1493882188306,1897,1708,0.46462020000000764,0.5262,0.9736
2020-04-30 11:00:00,447.75435200014135,996,2599,0.46462020000000764,0.2771,0.9676
2020-04-30 12:00:00,855.3614114777205,1866,1734,0.46462020000000764,0.5183,0.9866
2020-04-30 13:00:00,928.4072662883755,2028,312,0.46462020000000476,0.8667,0.9853
2020-04-30 14:00:00,7.806418506744,21,15644,0.46462019999998794,0.0013,0.8001
2020-04-30 22:00:00,9.479218490016,25,17972,0.46462019999999904,0.0014,0.8161
2020-04-30 23:00:00,2.2303999776960004,26,3574,0.46462020000000764,0.0072,0.1846
2020-05-01 00:00:00,0.0,0,3600,0.46462020000000764,0.0,
2020-05-01 04:00:00,40.14724606054801,105,3474,0.4646202000000076,0.0293,0.8229
2020-05-01 05:00:00,169.51092797192408,405,3195,0.46462020000000764,0.1125,0.9008
2020-05-01 06:00:00,684.7351627156938,1501,2099,0.46462020000000764,0.4169,0.9818
2020-05-01 07:00:00,864.8406067367266,1891,1709,0.46462020000000764,0.5253,0.9843
2020-05-01 08:00:00,1472.6263708618349,3253,1052,0.46462020000000764,0.7556,0.9743
2020-05-01 09:00:00,1266.8716337466412,2786,839,0.46462020000000764,0.7686,0.9787
2020-05-01 10:00:00,1140.8536029100349,2515,1095,0.46462020000000764,0.6967,0.9763
2020-05-01 11:00:00,993.6466979460846,2189,1415,0.46462020000000764,0.6074,0.977
2020-05-01 12:00:00,1285.272349930997,2821,874,0.46462020000000764,0.7635,0.9806
2020-05-01 13:00:00,1627.6401543065274,3541,59,0.46462020000000764,0.9836,0.9893
2020-05-01 14:00:00,1312.5948379356116,2872,853,0.46462020000000764,0.771,0.9837
2020-05-01 15:00:00,1191.0376488702134,2623,1047,0.46462020000000764,0.7147,0.9773
2020-05-01 16:00:00,1020.969181304497,2232,1368,0.46462020000000764,0.62,0.9845
2020-05-01 17:00:00,0.0,0,3605,0.46462020000000764,0.0,
2020-05-01 18:00:00,192.37267642177218,422,3182,0.46462020000000764,0.1171,0.9811
2020-05-01 19:00:00,1405.156827290958,3083,517,0.46462020000000764,0.8564,0.981
2020-05-01 20:00:00,839.7484257857682,1834,1766,0.46462020000000764,0.5094,0.9855
2020-05-01 21:00:00,220.25273654359827,485,3115,0.46462020000000764,0.1347,0.9774
2020-05-01 22:00:00,1330.9957631990555,2912,703,0.46462020000000764,0.8055,0.9838
2020-05-01 23:00:00,1128.0287008218395,2476,1124,0.46462020000000764,0.6878,0.9806
2020-05-02 00:00:00,382.51488781901975,846,2754,0.46462020000000764,0.235,0.9732
2020-05-04 05:00:00,638.4542981316729,1463,2133,0.46462020000000764,0.4068,0.9393
2020-05-04 06:00:00,953.4993217918802,2158,1442,0.46462020000000764,0.5994,0.951
2020-05-04 07:00:00,1149.2179419991419,2591,1009,0.46462020000000764,0.7197,0.9546
2020-05-04 08:00:00,1410.1758033698234,3172,428,0.46462020000000764,0.8811,0.9568
2020-05-04 09:00:00,1267.429275556883,2794,806,0.46462020000000764,0.7761,0.9763
2020-05-04 10:00:00,0.0,0,3600,0.46462020000000764,0.0,
2020-05-04 11:00:00,5720.953390125698,12868,12328,0.46462020000000764,0.5107,0.9569
2020-05-04 12:00:00,569.3114527877041,1295,2295,0.46462020000000764,0.3607,0.9462
2020-05-04 13:00:00,1073.9413712690578,2393,1207,0.46462020000000764,0.6647,0.9659
2020-05-04 14:00:00,1577.456205916591,3464,136,0.46462020000000764,0.9622,0.9801
2020-05-04 15:00:00,1116.8768681966326,2457,1143,0.46462020000000764,0.6825,0.9784
2020-05-04 16:00:00,1214.4570855923232,2682,918,0.46462020000000764,0.745,0.9746
2020-05-04 17:00:00,1077.8445154756012,2392,1208,0.46462020000000764,0.6644,0.9698
2020-05-04 18:00:00,7178.516732287696,15895,9301,0.46462020000000764,0.6309,0.972
2020-05-04 19:00:00,991.416404831035,2201,1389,0.46462020000000764,0.6131,0.9695
2020-05-04 20:00:00,1368.9129159312379,3013,587,0.46462020000000764,0.8369,0.9779
2020-05-04 21:00:00,1436.940398669286,3185,415,0.46462020000000764,0.8847,0.971
2020-05-04 22:00:00,1058.8860180949441,2366,1234,0.46462020000000764,0.6572,0.9632
2020-05-04 23:00:00,568.1961505824116,1302,2298,0.46462020000000764,0.3617,0.9393
2020-05-05 00:00:00,325.6394839548841,746,2857,0.4646202000000034,0.207,0.9395
2020-05-05 05:00:00,1054.982279174545,2407,1192,0.46462020000000764,0.6688,0.9433
2020-05-05 06:00:00,973.0151636258524,2174,1426,0.46462020000000764,0.6039,0.9633
2020-05-05 07:00:00,1510.5433284535354,3347,253,0.4646202000000077,0.9297,0.9714
2020-05-05 08:00:00,1245.682643464248,2773,827,0.46462020000000764,0.7703,0.9669
2020-05-05 09:00:00,322.8512888422802,758,2817,0.4646202000000076,0.212,0.9167
2020-05-05 10:00:00,1010.373754599799,2334,1266,0.46462020000000764,0.6483,0.9317
2020-05-05 11:00:00,844.2086960741331,1977,1623,0.46462020000000764,0.5492,0.9191
2020-05-05 12:00:00,270.43667564113235,662,2937,0.46462020000000764,0.1839,0.8792
2020-05-05 13:00:00,723.2090698335383,1743,1857,0.46462020000000764,0.4842,0.893
2020-05-05 14:00:00,1189.3648767641553,2722,878,0.46462020000000764,0.7561,0.9404
2020-05-05 15:00:00,791.2372076860721,1808,1792,0.46462020000000764,0.5022,0.9419
2020-05-05 16:00:00,944.577638249461,2173,1427,0.46462020000000764,0.6036,0.9356
2020-05-05 17:00:00,959.0753077975149,2198,1402,0.46462020000000764,0.6106,0.9391
2020-05-05 18:00:00,830.8268119363785,1911,1689,0.46462020000000764,0.5308,0.9357
2020-05-05 19:00:00,1026.5449117690216,2353,1246,0.46462020000000764,0.6538,0.939
2020-05-05 20:00:00,1493.8154726530797,3325,275,0.46462020000000764,0.9236,0.967
2020-05-05 21:00:00,1410.1753573344308,3158,442,0.46462020000000764,0.8772,0.9611
2020-05-05 22:00:00,1410.1752365331795,3134,466,0.46462020000000764,0.8706,0.9684
2020-05-05 23:00:00,1541.2118020594598,3422,178,0.46462020000000764,0.9506,0.9694
2020-05-06 00:00:00,1325.4199026408755,2950,650,0.46462020000000764,0.8194,0.967
2020-05-06 01:00:00,615.5924846349965,1373,2227,0.46462020000000764,0.3814,0.965
2020-05-06 05:00:00,326.197046779692,757,2840,0.46462020000000764,0.2105,0.9274
2020-05-06 06:00:00,834.7300537131641,1875,1725,0.46462020000000764,0.5208,0.9582
2020-05-06 07:00:00,591.6156755823597,1346,2254,0.46462020000000764,0.3739,0.946
2020-05-06 08:00:00,862.0528158436966,1915,1685,0.46462020000000764,0.5319,0.9689
2020-05-06 09:00:00,8.921623141794,23,3577,0.46462020000000764,0.0064,0.8349
2020-05-06 10:00:00,0.0,0,3600,0.46462020000000764,0.0,
2020-05-06 11:00:00,0.0,0,3600,0.4646202000000077,0.0,
2020-05-06 12:00:00,864.8407228917767,1949,1648,0.46462020000000764,0.5418,0.9551
2020-05-06 13:00:00,1026.5454367898471,2277,1323,0.46462020000000764,0.6325,0.9703
2020-05-06 14:00:00,751.6475058655228,1672,1928,0.46462020000000764,0.4644,0.9676
2020-05-06 15:00:00,1246.798122225216,2779,821,0.46462020000000764,0.7719,0.9656
2020-05-06 16:00:00,1149.2178397826976,2555,1045,0.46462020000000764,0.7097,0.9681
2020-05-06 17:00:00,524.7034950496011,1172,2428,0.46462020000000764,0.3256,0.9636
2020-05-06 18:00:00,790.1220634516475,1761,1839,0.46462020000000764,0.4892,0.9657
2020-05-06 19:00:00,970.7851306981148,2202,1395,0.46462020000000764,0.6122,0.9489
2020-05-06 20:00:00,1596.972386923309,3531,69,0.46462020000000764,0.9808,0.9734
2020-05-06 21:00:00,1401.8115990205754,3101,499,0.46462020000000764,0.8614,0.9729
2020-05-06 22:00:00,1274.120823955121,2824,776,0.46462020000000764,0.7844,0.9711
2020-05-06 23:00:00,0.0,0,3075,0.46462020000000676,0.0,
2020-05-07 00:00:00,432.14152892525937,985,2615,0.46462020000000764,0.2736,0.9443
2020-05-07 01:00:00,558.1596852093237,1235,2365,0.46462020000000764,0.3431,0.9727
2020-05-07 05:00:00,443.8512635480213,1009,2586,0.46462020000000764,0.2807,0.9468
2020-05-07 06:00:00,582.69420111903,1291,2309,0.46462020000000764,0.3586,0.9714
2020-05-07 07:00:00,0.0,4,3596,0.46462020000000764,0.0011,0.0
2020-05-07 08:00:00,831.3845559630643,1890,1710,0.46462020000000764,0.525,0.9468
2020-05-07 09:00:00,1196.0562950687367,2738,862,0.46462020000000764,0.7606,0.9402
2020-05-07 10:00:00,950.1537125329321,2178,1422,0.46462020000000764,0.605,0.9389
2020-05-07 11:00:00,833.6150999730216,1893,1707,0.46462020000000764,0.5258,0.9478
2020-05-07 12:00:00,455.56088201573317,1045,2550,0.46462020000000764,0.2907,0.9383
2020-05-07 13:00:00,1211.1116947048688,2687,913,0.46462020000000764,0.7464,0.9701
2020-05-07 14:00:00,1019.2967623097892,2272,1328,0.46462020000000764,0.6311,0.9656
2020-05-07 15:00:00,1141.4116489398514,2542,1058,0.46462020000000764,0.7061,0.9664
2020-05-07 16:00:00,1120.7801936050546,2477,1123,0.46462020000000764,0.6881,0.9739
2020-05-07 17:00:00,507.417844114235,1122,2478,0.46462020000000764,0.3117,0.9734
2020-05-07 18:00:00,1000.8957115988889,2221,1379,0.46462020000000764,0.6169,0.9699
2020-05-07 19:00:00,990.8588931144486,2215,1380,0.46462020000000764,0.6161,0.9628
2020-05-07 20:00:00,1365.5674925203698,3025,575,0.46462020000000764,0.8403,0.9716
2020-05-07 21:00:00,1479.8758630734462,3264,336,0.46462020000000764,0.9067,0.9758
2020-05-07 22:00:00,1489.9127930667341,3292,308,0.46462020000000764,0.9144,0.9741
2020-05-07 23:00:00,1497.7192394506899,3309,291,0.46462020000000764,0.9192,0.9742
2020-05-08 00:00:00,554.2563040464775,1259,2316,0.4646202000000076,0.3522,0.9475
2020-05-08 01:00:00,711.5002598049741,1579,2021,0.46462020000000764,0.4386,0.9698
2020-05-08 05:00:00,708.7121529702081,1597,1998,0.46462020000000764,0.4442,0.9551
2020-05-08 06:00:00,897.7392944722669,2004,1596,0.46462020000000764,0.5567,0.9642
2020-05-08 07:00:00,1226.1670804023968,2741,859,0.46462020000000764,0.7614,0.9628
2020-05-08 08:00:00,1067.2503757688573,2374,1226,0.46462020000000764,0.6594,0.9676
2020-05-08 09:00:00,812.9833240502855,1790,1810,0.46462020000000764,0.4972,0.9775
2020-05-08 10:00:00,871.5317973774103,1915,1685,0.46462020000000764,0.5319,0.9795
2020-05-08 11:00:00,872.6469462580359,1944,1656,0.46462020000000764,0.54,0.9661
2020-05-08 12:00:00,151.667593410498,380,3215,0.46462020000000764,0.1057,0.859
2020-05-08 13:00:00,1106.2824264867586,2478,1122,0.46462020000000764,0.6883,0.9609
2020-05-08 14:00:00,1317.0561118036055,2906,694,0.46462020000000764,0.8072,0.9755
2020-05-08 15:00:00,1167.0611000048907,2593,1007,0.46462020000000764,0.7203,0.9687
2020-05-08 16:00:00,1187.6924438308397,2646,954,0.46462020000000764,0.735,0.9661
2020-05-08 17:00:00,1390.6595805472873,3069,531,0.46462020000000764,0.8525,0.9753
2020-05-08 18:00:00,1228.3973642250426,2715,885,0.46462020000000764,0.7542,0.9738
2020-05-08 19:00:00,274.8977636610484,629,2966,0.46462020000000764,0.175,0.9406
2020-05-08 20:00:00,1367.7978739132582,3015,585,0.46462020000000764,0.8375,0.9764
2020-05-08 21:00:00,1516.1200717900954,3344,256,0.46462020000000764,0.9289,0.9758
2020-05-08 22:00:00,579.3480250234381,1335,2245,0.46462020000000764,0.3729,0.934
2020-05-08 23:00:00,1280.8116568382507,2866,734,0.46462020000000764,0.7961,0.9619
2020-05-09 00:00:00,1071.1534967443918,2376,1224,0.46462020000000764,0.66,0.9703
2020-05-09 01:00:00,954.057107634384,2135,1465,0.46462020000000764,0.5931,0.9618
2020-05-09 05:00:00,60.220859798417976,173,3422,0.46462020000000764,0.0481,0.7492
2020-05-09 06:00:00,0.0,0,3600,0.46462020000000764,0.0,
2020-05-09 07:00:00,0.0,0,3600,0.46462020000000764,0.0,
2020-05-09 08:00:00,220.81000201147825,556,3044,0.46462020000000764,0.1544,0.8548
2020-05-09 09:00:00,614.4761881424757,1461,2141,0.46462020000000737,0.4056,0.9052
2020-05-09 10:00:00,1080.6329521907094,2415,1185,0.46462020000000764,0.6708,0.9631
2020-05-09 11:00:00,787.3341424649612,1778,1822,0.46462020000000764,0.4939,0.9531
2020-05-09 12:00:00,714.2881018062263,1659,1938,0.46462020000000764,0.4612,0.9267
2020-05-09 13:00:00,1290.8488098492357,2936,664,0.46462020000000764,0.8156,0.9463
2020-05-09 14:00:00,770.6059939537766,1762,1838,0.46462020000000764,0.4894,0.9413
2020-05-09 15:00:00,1250.143866224023,2842,758,0.46462020000000764,0.7894,0.9468
2020-05-09 16:00:00,953.4994704703439,2183,1417,0.46462020000000764,0.6064,0.9401
2020-05-09 17:00:00,1203.3052529671163,2743,857,0.46462020000000764,0.7619,0.9442
2020-05-09 18:00:00,540.8733698670716,1312,2288,0.46462020000000764,0.3644,0.8873
2020-05-11 12:00:00,378.6118179517077,889,2708,0.46462020000000764,0.2472,0.9166
2020-05-11 13:00:00,629.5327400367067,1461,2138,0.46462020000000714,0.4059,0.9274
2020-05-11 14:00:00,973.0156793542747,2211,1389,0.46462020000000764,0.6142,0.9472
2020-05-11 15:00:00,913.9098197580175,2083,1517,0.46462020000000764,0.5786,0.9443
2020-05-11 16:00:00,1013.7206601491058,2308,1292,0.46462020000000764,0.6411,0.9453
2020-05-11 17:00:00,895.5090803426517,2034,1566,0.46462020000000764,0.565,0.9476
2020-05-11 18:00:00,674.1409022076975,1537,2063,0.46462020000000764,0.4269,0.944
2020-05-11 19:00:00,520.8003415506529,1205,2391,0.46462020000000764,0.3351,0.9302
2020-05-11 20:00:00,1112.4163423671591,2521,1079,0.46462020000000764,0.7003,0.9497
2020-05-11 21:00:00,1460.9177048655363,3309,291,0.46462020000000764,0.9192,0.9502
2020-05-11 22:00:00,935.0988146866142,2122,1478,0.46462020000000764,0.5894,0.9484
2020-05-11 23:00:00,1357.2035669432437,3077,523,0.46462020000000764,0.8547,0.9493
2020-05-12 00:00:00,997.5501069861431,2291,1309,0.46462020000000764,0.6364,0.9372
2020-05-12 01:00:00,628.4175818636768,1426,2174,0.46462020000000764,0.3961,0.9485
2020-05-12 05:00:00,27.322436896392,93,3504,0.46462020000000764,0.0259,0.6323
2020-05-12 06:00:00,266.5337358674765,621,2979,0.46462020000000764,0.1725,0.9238
2020-05-12 07:00:00,438.2749523082471,1031,2569,0.46462020000000764,0.2864,0.9149
2020-05-12 08:00:00,932.3108054220902,2141,1459,0.46462020000000764,0.5947,0.9372
2020-05-12 09:00:00,694.2144973607583,1592,2008,0.46462020000000764,0.4422,0.9385
2020-05-12 10:00:00,524.1458764703688,1215,2385,0.46462020000000764,0.3375,0.9285
2020-05-12 11:00:00,940.6747588764299,2163,1437,0.46462020000000764,0.6008,0.936
2020-05-12 12:00:00,240.32643391310447,573,3024,0.46462020000000764,0.1593,0.9027
2020-05-12 13:00:00,886.5874432622512,2010,1590,0.46462020000000764,0.5583,0.9494
2020-05-12 14:00:00,507.97546733966874,1161,2439,0.46462020000000764,0.3225,0.9417
2020-05-12 15:00:00,0.0,0,3595,0.46462020000000764,0.0,
2020-05-12 16:00:00,520.2427183252188,1186,2414,0.46462020000000764,0.3294,0.9441
2020-05-12 17:00:00,294.41385638992847,708,922,0.46462020000000115,0.4344,0.895
2020-05-13 05:00:00,100.36828706084393,259,3337,0.46462020000000764,0.072,0.8341
2020-05-13 06:00:00,1058.886273636054,2384,1216,0.46462020000000764,0.6622,0.956
2020-05-13 07:00:00,734.9192272606824,1597,2003,0.46462020000000764,0.4436,0.9905
2020-05-13 08:00:00,82.52507794687196,181,3419,0.46462020000000764,0.0503,0.9813
2020-05-13 09:00:00,918.9279037660974,1994,1606,0.46462020000000764,0.5539,0.9919
2020-05-13 10:00:00,1399.0231483668608,3032,568,0.46462020000000764,0.8422,0.9931
2020-05-13 11:00:00,801.8314542554615,1746,1854,0.46462020000000764,0.485,0.9884
2020-05-13 12:00:00,157.24370950978803,365,3231,0.46462020000000764,0.1015,0.9272
2020-05-13 13:00:00,456.11832868549135,1013,2587,0.46462020000000764,0.2814,0.9691
2020-05-13 14:00:00,144.418891053228,317,3283,0.46462020000000764,0.0881,0.9805
2020-05-13 15:00:00,1005.9137770221607,2188,1412,0.46462020000000764,0.6078,0.9895
2020-05-13 16:00:00,1444.746426895061,3135,465,0.46462020000000764,0.8708,0.9919
2020-05-13 17:00:00,961.3056334359784,2089,1511,0.46462020000000764,0.5803,0.9904
2020-05-13 18:00:00,324.5241863957941,721,2879,0.46462020000000764,0.2003,0.9688
2020-05-14 05:00:00,344.59784194948185,791,2808,0.46462020000000764,0.2198,0.9376
2020-05-14 06:00:00,874.8776482388624,1975,1625,0.46462020000000764,0.5486,0.9534
2020-05-14 07:00:00,692.5419111027797,1553,2047,0.46462020000000764,0.4314,0.9598
2020-05-14 08:00:00,1286.9458700755786,2876,724,0.46462020000000764,0.7989,0.9631
2020-05-14 09:00:00,1139.7389186496096,2553,1047,0.46462020000000764,0.7092,0.9609
2020-05-14 10:00:00,1356.0885899720906,3028,572,0.46462020000000764,0.8411,0.9639
2020-05-14 11:00:00,1220.5912430752273,2732,868,0.46462020000000764,0.7589,0.9616
2020-05-14 12:00:00,576.5605965341638,1315,2284,0.46462020000000764,0.3654,0.9437
2020-05-14 13:00:00,1260.7385959984197,2824,776,0.46462020000000764,0.7844,0.9609
2020-05-14 14:00:00,999.7807950283627,2237,1363,0.46462020000000764,0.6214,0.9619
2020-05-14 15:00:00,1173.7526530493308,2620,980,0.46462020000000764,0.7278,0.9642
2020-05-14 16:00:00,0.0,0,3600,0.46462020000000764,0.0,
2020-05-14 17:00:00,0.0,0,3600,0.46462020000000764,0.0,
2020-05-14 18:00:00,0.0,0,3600,0.46462020000000764,0.0,
2020-05-14 19:00:00,615.0352377519245,1395,2204,0.46462020000000764,0.3876,0.9489
2020-05-14 20:00:00,1378.9502501441004,3076,524,0.46462020000000764,0.8544,0.9649
2020-05-14 21:00:00,1285.2729307062468,2887,713,0.46462020000000764,0.8019,0.9582
2020-05-14 22:00:00,673.5831999968298,1516,2084,0.46462020000000764,0.4211,0.9563
2020-05-14 23:00:00,1334.8996507979193,2982,618,0.46462020000000764,0.8283,0.9635
2020-05-15 00:00:00,1212.2271874044434,2712,888,0.46462020000000764,0.7533,0.962
2020-05-15 01:00:00,888.8179129329769,1984,1616,0.46462020000000764,0.5511,0.9642
2020-05-15 05:00:00,690.3114507244577,1569,2027,0.46462020000000764,0.4363,0.9469
2020-05-15 06:00:00,994.7622835696986,2237,1363,0.46462020000000764,0.6214,0.9571
2020-05-15 07:00:00,734.3620036086206,1650,1950,0.46462020000000764,0.4583,0.9579
2020-05-15 08:00:00,164.49259771513806,371,1204,0.4646202000000007,0.2356,0.9543
2020-05-15 09:00:00,0.0,0,3600,0.46462020000000764,0.0,
2020-05-15 10:00:00,463.9249841485371,1062,2538,0.46462020000000764,0.295,0.9402
2020-05-15 11:00:00,552.0261874871034,1236,2364,0.46462020000000764,0.3433,0.9613
2020-05-15 12:00:00,156.68620243940404,373,3223,0.46462020000000764,0.1037,0.9041
2020-05-15 13:00:00,1050.5225478456127,2344,1256,0.46462020000000764,0.6511,0.9646
2020-05-15 14:00:00,935.0988890258461,2084,1516,0.46462020000000764,0.5789,0.9657
2020-05-15 15:00:00,925.6195125649609,2071,1529,0.46462020000000764,0.5753,0.962
2020-05-15 16:00:00,0.0,0,3600,0.46462020000000764,0.0,
2020-05-15 17:00:00,0.0,0,3600,0.46462020000000764,0.0,
2020-05-15 18:00:00,0.0,0,3600,0.46462020000000764,0.0,
2020-05-15 19:00:00,0.0,0,3596,0.46462020000000764,0.0,
2020-05-15 20:00:00,0.0,0,3600,0.46462020000000764,0.0,
2020-05-15 21:00:00,161.14682583912005,427,3173,0.46462020000000764,0.1186,0.8123
2020-05-15 22:00:00,1383.9681761813115,3046,554,0.46462020000000764,0.8461,0.9779
2020-05-15 23:00:00,1158.6969003018446,2554,1046,0.46462020000000764,0.7094,0.9765
2020-05-16 00:00:00,1019.2963999060327,2248,1352,0.46462020000000764,0.6244,0.9759
2020-05-16 01:00:00,744.9562037159905,1643,1957,0.46462020000000764,0.4564,0.9759
2020-05-18 05:00:00,101.48352421930795,251,3349,0.46462020000000764,0.0697,0.8702
2020-05-18 06:00:00,672.4680604086076,1517,2083,0.46462020000000764,0.4214,0.9541
2020-05-18 07:00:00,354.63486486680983,817,2783,0.46462020000000764,0.2269,0.9342
2020-05-18 08:00:00,1121.8956630736184,2543,1057,0.46462020000000764,0.7064,0.9495
2020-05-18 09:00:00,1101.2643006628607,2492,1108,0.46462020000000764,0.6922,0.9511
2020-05-18 10:00:00,771.7214587761392,1766,1834,0.46462020000000764,0.4906,0.9405
2020-05-18 11:00:00,23.976878745666006,56,3544,0.46462020000000764,0.0156,0.9215
2020-05-18 12:00:00,431.5840683168953,974,2626,0.46462020000000764,0.2706,0.9537
2020-05-18 13:00:00,930.6380426084338,2101,1499,0.46462020000000764,0.5836,0.9534
2020-05-18 14:00:00,805.7351327752356,1835,1765,0.46462020000000764,0.5097,0.9451
2020-05-18 15:00:00,423.7776451639494,959,2641,0.46462020000000764,0.2664,0.9511
2020-05-18 16:00:00,1326.535167676554,2957,643,0.46462020000000764,0.8214,0.9655
2020-05-18 17:00:00,1116.318868628837,2573,1027,0.46462020000000764,0.7147,0.9338
2020-05-18 18:00:00,709.8272879122279,1566,2034,0.46462020000000764,0.435,0.9756
2020-05-19 05:00:00,250.36302937984843,610,2988,0.46462020000000764,0.1695,0.8834
2020-05-19 06:00:00,652.9515448753452,1472,2128,0.46462020000000764,0.4089,0.9547
2020-05-19 07:00:00,1174.3099603330293,2652,948,0.46462020000000764,0.7367,0.953
2020-05-19 08:00:00,844.7670580456844,1902,1698,0.46462020000000764,0.5283,0.9559
2020-05-19 09:00:00,1057.7699632049291,2397,1203,0.46462020000000764,0.6658,0.9498
2020-05-19 10:00:00,1265.1984248975948,2886,714,0.46462020000000764,0.8017,0.9435
2020-05-19 11:00:00,842.5359843686977,1903,1697,0.46462020000000764,0.5286,0.9529
2020-05-19 12:00:00,124.90270540030795,312,2006,0.46462020000000465,0.1346,0.8616
2020-05-19 13:00:00,72.48816653839197,191,2349,0.4646202000000054,0.0752,0.8168
2020-05-19 14:00:00,901.6419508276017,2041,1559,0.46462020000000764,0.5669,0.9508
2020-05-19 15:00:00,308.9112843354781,704,2896,0.46462020000000764,0.1956,0.9444
2020-05-19 16:00:00,36.244120438812004,83,3517,0.46462020000000764,0.0231,0.9399
2020-05-19 17:00:00,1330.9947642656275,2995,605,0.46462020000000764,0.8319,0.9565
2020-05-19 18:00:00,370.80519036587407,832,2768,0.46462020000000764,0.2311,0.9592
2020-05-19 19:00:00,166.72288618398605,376,3222,0.46462020000000764,0.1045,0.9544
2020-05-19 20:00:00,1323.7465032975476,2966,634,0.46462020000000764,0.8239,0.9606
2020-05-19 21:00:00,1029.8902050862334,2319,1281,0.46462020000000764,0.6442,0.9559
2020-05-19 22:00:00,1599.759271806952,3565,35,0.46462020000000764,0.9903,0.9658
2020-05-19 23:00:00,1477.6443061914576,3341,259,0.46462020000000764,0.9281,0.9519
2020-05-20 00:00:00,1339.3594053578622,3036,564,0.46462020000000764,0.8433,0.9495
2020-05-20 01:00:00,775.6240314998373,1739,1861,0.46462020000000764,0.4831,0.96
2020-05-20 05:00:00,768.3759192102212,1761,1835,0.4646202000000073,0.4897,0.9391
2020-05-20 06:00:00,644.5881721962548,1452,2148,0.46462020000000764,0.4033,0.9555
2020-05-20 07:00:00,1167.6191878505251,2641,959,0.46462020000000764,0.7336,0.9516
2020-05-20 08:00:00,888.260354754371,1988,1612,0.46462020000000764,0.5522,0.9617
2020-05-20 09:00:00,749.4169850865746,1792,1808,0.46462020000000764,0.4978,0.9001
2020-05-20 10:00:00,1056.6555066084009,2465,1135,0.46462020000000764,0.6847,0.9226
2020-05-20 11:00:00,1180.443574210299,2680,920,0.46462020000000764,0.7444,0.948
2020-05-20 12:00:00,347.3861810943479,804,2792,0.46462020000000764,0.2236,0.9299
2020-05-20 13:00:00,752.763086842935,1693,1907,0.46462020000000764,0.4703,0.957
2020-05-20 14:00:00,734.9197336967005,1678,1922,0.46462020000000764,0.4661,0.9426
2020-05-20 15:00:00,247.01774070883843,560,2065,0.46462020000000565,0.2133,0.9494
2020-05-20 16:00:00,165.60779770398608,401,2599,0.4646202000000066,0.1337,0.8889
2020-05-20 17:00:00,1308.6925950922544,2934,666,0.46462020000000764,0.815,0.96
2020-05-20 18:00:00,1082.3059751916776,2431,1169,0.46462020000000764,0.6753,0.9582
2020-05-20 19:00:00,633.4361816001788,1441,2155,0.46462020000000764,0.4007,0.9461
2020-05-20 20:00:00,877.6659827375271,1966,1634,0.46462020000000764,0.5461,0.9608
2020-05-20 21:00:00,590.5008054738541,1328,2272,0.46462020000000764,0.3689,0.957
2020-05-20 22:00:00,1509.9869132406216,3390,210,0.46462020000000764,0.9417,0.9587
2020-05-20 23:00:00,1482.6644066512004,3322,278,0.46462020000000764,0.9228,0.9606
2020-05-21 00:00:00,1250.1442286277784,2816,784,0.46462020000000764,0.7822,0.9555
2020-05-21 01:00:00,777.2975748754294,1747,1853,0.46462020000000764,0.4853,0.9576
2020-05-21 05:00:00,79.73708262095397,228,3368,0.46462020000000764,0.0634,0.7527
2020-05-21 06:00:00,805.1776768130736,1810,1790,0.46462020000000764,0.5028,0.9574
2020-05-21 07:00:00,1024.872906286291,2372,1228,0.46462020000000764,0.6589,0.9299
2020-05-21 08:00:00,1348.8398504452077,3025,576,0.46462020000000737,0.84,0.9597
2020-05-21 09:00:00,954.6150746787664,2194,1406,0.46462020000000764,0.6094,0.9365
2020-05-21 10:00:00,1186.5775690761322,2691,909,0.46462020000000764,0.7475,0.949
2020-05-21 11:00:00,979.7071580594827,2223,1377,0.46462020000000764,0.6175,0.9485
2020-05-21 12:00:00,848.1130529393986,1920,1677,0.46462020000000764,0.5338,0.9507
2020-05-21 13:00:00,1428.0194213495706,3222,378,0.46462020000000764,0.895,0.9539
2020-05-21 14:00:00,1382.2959105112702,3098,502,0.46462020000000764,0.8606,0.9603
2020-05-21 15:00:00,989.1863904881052,2241,1359,0.46462020000000764,0.6225,0.95
2020-05-21 16:00:00,1460.360360412221,3275,325,0.46462020000000764,0.9097,0.9597
2020-05-21 17:00:00,1018.181650598779,2308,1292,0.46462020000000764,0.6411,0.9495
2020-05-21 18:00:00,747.7444127672002,1703,1892,0.46462020000000764,0.4737,0.945
2020-05-21 19:00:00,0.0,0,3597,0.46462020000000764,0.0,
2020-05-21 20:00:00,0.0,0,3600,0.46462020000000764,0.0,
2020-05-21 21:00:00,170.62622553101411,412,3188,0.46462020000000764,0.1144,0.8914
2020-05-21 22:00:00,1468.7243463899754,3291,312,0.46462020000000737,0.9134,0.9605
2020-05-21 23:00:00,1168.176722798121,2623,977,0.46462020000000764,0.7286,0.9585
2020-05-22 00:00:00,1240.6649265061264,2772,828,0.46462020000000764,0.77,0.9633
2020-05-22 01:00:00,544.7769694014114,1203,2397,0.46462020000000764,0.3342,0.9747
2020-05-22 05:00:00,21.746464829364005,70,3529,0.46462020000000764,0.0194,0.6686
2020-05-22 06:00:00,863.167922908505,1994,1606,0.46462020000000764,0.5539,0.9317
2020-05-22 07:00:00,1277.4663821058484,2914,686,0.46462020000000764,0.8094,0.9435
2020-05-22 08:00:00,1238.9918338121297,2841,759,0.46462020000000764,0.7892,0.9386
2020-05-22 09:00:00,584.366922116868,1338,2262,0.46462020000000764,0.3717,0.94
2020-05-22 10:00:00,659.6432744754615,1505,2095,0.46462020000000764,0.4181,0.9434
2020-05-22 11:00:00,933.4258613786761,2135,1465,0.46462020000000764,0.5931,0.941
2020-05-22 12:00:00,602.7677776872843,1394,2205,0.46462020000000764,0.3873,0.9307
2020-05-22 13:00:00,1265.7566846527013,2800,800,0.46462020000000764,0.7778,0.973
2020-05-22 14:00:00,1198.2867740318661,2644,956,0.46462020000000764,0.7344,0.9754
2020-05-22 15:00:00,0.5575999944240001,23,3542,0.4646202000000076,0.0065,0.0522
2020-05-22 16:00:00,88.65863142351597,230,3370,0.46462020000000764,0.0639,0.8297
2020-05-22 17:00:00,462.80968658944727,1020,2580,0.46462020000000764,0.2833,0.9766
2020-05-22 18:00:00,168.39576515269204,384,3216,0.46462020000000764,0.1067,0.9438
2020-05-23 05:00:00,0.0,0,3600,0.4646202000000069,0.0,
2020-05-23 06:00:00,0.0,0,3600,0.46462020000000764,0.0,
2020-05-23 07:00:00,0.5575999944240001,33,3567,0.46462020000000764,0.0092,0.0364
2020-05-23 08:00:00,0.0,0,3600,0.46462020000000764,0.0,
2020-05-23 09:00:00,0.0,0,3600,0.46462020000000764,0.0,
2020-05-23 10:00:00,0.0,0,3600,0.46462020000000764,0.0,
2020-05-23 11:00:00,0.0,0,3600,0.46462020000000764,0.0,
2020-05-25 12:00:00,0.0,7,3588,0.46462020000000753,0.0019,0.0
2020-05-25 13:00:00,459.4638914824192,1062,2538,0.46462020000000764,0.295,0.9312
2020-05-25 14:00:00,0.0,0,3600,0.46462020000000764,0.0,
2020-05-25 15:00:00,0.0,0,3600,0.46462020000000764,0.0,
2020-05-25 16:00:00,259.28489412414655,592,3008,0.46462020000000764,0.1644,0.9427
2020-05-25 17:00:00,738.2650967069428,1687,1913,0.46462020000000764,0.4686,0.9419
2020-05-25 18:00:00,861.4949603081634,1988,1612,0.46462020000000764,0.5522,0.9327
2020-05-25 19:00:00,597.7492801672261,1379,2216,0.46462020000000764,0.3836,0.9329
2020-05-25 20:00:00,502.39934194797485,1169,2440,0.4646202000000076,0.3239,0.925
2020-05-25 21:00:00,897.7390575159653,2080,1520,0.46462020000000764,0.5778,0.9289
2020-05-25 22:00:00,1397.90812028749,3223,377,0.46462020000000764,0.8953,0.9335
2020-05-25 23:00:00,1428.576203612445,3289,311,0.46462020000000764,0.9136,0.9348
2020-05-26 00:00:00,690.8687673005601,1593,2007,0.46462020000000764,0.4425,0.9334
2020-05-26 01:00:00,375.26606930669965,870,2730,0.46462020000000764,0.2417,0.9284
2020-05-26 05:00:00,316.7178282896761,763,2835,0.46462020000000764,0.2121,0.8934
2020-05-26 06:00:00,789.0066776147202,1836,1764,0.46462020000000764,0.51,0.9249
2020-05-26 07:00:00,432.14145923222924,1017,2583,0.46462020000000764,0.2825,0.9145
2020-05-26 08:00:00,120.44165455000798,390,3210,0.46462020000000764,0.1083,0.6647
2020-05-26 09:00:00,901.0845041578428,2116,1484,0.46462020000000764,0.5878,0.9165
2020-05-26 10:00:00,830.8266725503178,1945,1655,0.46462020000000764,0.5403,0.9194
2020-05-26 11:00:00,0.5575999944240001,23,3577,0.46462020000000764,0.0064,0.0522
2020-05-26 12:00:00,0.0,3,3595,0.46462020000000764,0.0008,0.0
2020-05-26 13:00:00,733.2464040464008,1737,1863,0.46462020000000764,0.4825,0.9086
2020-05-26 14:00:00,1028.2178604307583,2410,1190,0.46462020000000764,0.6694,0.9183
2020-05-26 15:00:00,1228.396918189653,2851,749,0.46462020000000764,0.7919,0.9273
2020-05-26 16:00:00,811.3107006226895,1907,1693,0.46462020000000753,0.5297,0.9157
2020-05-26 17:00:00,1183.7888582351081,2745,855,0.46462020000000764,0.7625,0.9282
2020-05-26 18:00:00,983.6097540141915,2281,1319,0.46462020000000764,0.6336,0.9281
2020-05-26 19:00:00,738.8224876222766,1733,1865,0.46462020000000764,0.4817,0.9176
2020-05-26 20:00:00,1107.3973012414679,2574,1026,0.46462020000000764,0.715,0.926
2020-05-26 21:00:00,932.8678478722736,2206,1394,0.46462020000000764,0.6128,0.9102
2020-05-26 22:00:00,1258.5075223214365,2912,688,0.46462020000000764,0.8089,0.9302
2020-05-26 23:00:00,1273.005057129632,2952,648,0.46462020000000764,0.82,0.9281
2020-05-27 00:00:00,1004.7986002643233,2345,1255,0.46462020000000764,0.6514,0.9222
2020-05-27 01:00:00,596.0764337219342,1383,2217,0.46462020000000764,0.3842,0.9276
2020-05-27 05:00:00,65.239357318476,203,3396,0.46462020000000764,0.0564,0.6917
2020-05-27 06:00:00,0.0,0,3600,0.46462020000000764,0.0,
2020-05-27 07:00:00,23.419227643020005,71,3529,0.46462020000000764,0.0197,0.7099
2020-05-27 08:00:00,476.19191454614895,1113,2487,0.4646202000000077,0.3092,0.9208
2020-05-27 09:00:00,0.0,0,3600,0.46462020000000764,0.0,
2020-05-27 10:00:00,473.961523860857,1120,2480,0.46462020000000764,0.3111,0.9108
2020-05-27 11:00:00,1088.4386877057602,2534,1066,0.46462020000000764,0.7039,0.9245
2020-05-27 12:00:00,692.5414650673881,1632,1967,0.46462020000000764,0.4535,0.9133
2020-05-27 13:00:00,613.9196660669166,1450,2150,0.46462020000000764,0.4028,0.9113
2020-05-27 14:00:00,1183.788774603472,2765,835,0.46462020000000764,0.7681,0.9215
2020-05-27 15:00:00,1097.3603898329884,2582,1018,0.46462020000000764,0.7172,0.9147
2020-05-27 16:00:00,1096.2453478150087,2540,1060,0.46462020000000764,0.7056,0.9289
2020-05-27 17:00:00,1248.4706294977643,2898,702,0.46462020000000764,0.805,0.9272
2020-05-27 18:00:00,998.1074282084479,2313,1287,0.46462020000000764,0.6425,0.9288
2020-05-27 19:00:00,653.5094422266974,1537,2062,0.46462020000000764,0.4271,0.9151
2020-05-27 20:00:00,436.04461737737927,1055,2545,0.46462020000000764,0.2931,0.8896
2020-05-27 21:00:00,11.709613821510002,38,3563,0.4646202000000076,0.0106,0.6632
2020-05-27 22:00:00,365.7868043546638,877,2723,0.46462020000000764,0.2436,0.8977
2020-05-27 23:00:00,815.7713890692341,1906,1694,0.46462020000000764,0.5294,0.9212
2020-05-28 00:00:00,917.8124854057561,2142,1458,0.46462020000000764,0.595,0.9222
2020-05-28 01:00:00,845.3243281597664,1978,1622,0.46462020000000764,0.5494,0.9198
2020-05-28 05:00:00,195.71820669528623,486,3112,0.46462020000000764,0.1351,0.8668
2020-05-28 06:00:00,872.6463654827884,2094,1506,0.46462020000000764,0.5817,0.8969
2020-05-28 07:00:00,764.4716413303895,1840,1760,0.46462020000000764,0.5111,0.8942
2020-05-28 08:00:00,794.0245990057304,1898,1702,0.46462020000000764,0.5272,0.9004
2020-05-28 09:00:00,1008.1436333942246,2421,1179,0.46462020000000764,0.6725,0.8963
2020-05-28 10:00:00,831.3838218631488,2016,1584,0.46462020000000764,0.56,0.8876
2020-05-28 11:00:00,747.7435485736288,1786,1814,0.46462020000000764,0.4961,0.9011
2020-05-28 12:00:00,450.5420453229292,1096,2502,0.46462020000000764,0.3046,0.8848
2020-05-28 13:00:00,763.3565435579852,1818,1782,0.46462020000000764,0.505,0.9037
2020-05-28 14:00:00,303.3352007596022,748,2852,0.46462020000000764,0.2078,0.8728
2020-05-28 15:00:00,493.477393572041,1181,2419,0.46462020000000764,0.3281,0.8993
2020-05-28 16:00:00,1314.8245874450308,3135,465,0.46462020000000764,0.8708,0.9027
2020-05-28 17:00:00,1167.0601568258878,2768,832,0.46462020000000764,0.7689,0.9075
2020-05-28 18:00:00,497.93821211224105,1191,2409,0.46462020000000764,0.3308,0.8998
2020-05-29 05:00:00,569.3111275535641,1393,2206,0.46462020000000764,0.3871,0.8796
2020-05-29 06:00:00,845.3239889870216,2015,1585,0.46462020000000764,0.5597,0.9029
2020-05-29 07:00:00,667.4491029145519,1588,2012,0.46462020000000764,0.4411,0.9046
2020-05-29 08:00:00,998.6644381352186,2377,1223,0.46462020000000764,0.6603,0.9043
2020-05-29 09:00:00,791.7942873058726,1901,1699,0.46462020000000764,0.5281,0.8965
2020-05-29 10:00:00,1211.6685745379848,2831,769,0.46462020000000764,0.7864,0.9212
2020-05-29 11:00:00,295.52906567118026,657,2943,0.46462020000000764,0.1825,0.9681
2020-05-29 12:00:00,0.0,0,3599,0.46462020000000764,0.0,
2020-05-29 13:00:00,487.34344052202516,1196,2404,0.46462020000000764,0.3322,0.877
2020-05-29 14:00:00,1241.2202498615773,3045,555,0.46462020000000764,0.8458,0.8773
2020-05-29 15:00:00,1014.2766200342256,2489,1111,0.46462020000000764,0.6914,0.8771
2020-05-29 16:00:00,107.05939406989192,320,3260,0.46462020000000764,0.0894,0.7201
2020-05-29 17:00:00,806.2912970932434,2051,1549,0.46462020000000764,0.5697,0.8461
2020-05-29 18:00:00,518.011533139385,1278,2322,0.46462020000000764,0.355,0.8724
2020-05-30 05:00:00,0.0,0,3600,0.46462020000000553,0.0,
2020-05-30 06:00:00,0.0,0,3600,0.46462020000000764,0.0,
2020-05-30 07:00:00,0.0,0,3600,0.46462020000000764,0.0,
2020-05-30 08:00:00,0.55759070202,26,3570,0.46462020000000753,0.0072,0.0462
2020-05-30 09:00:00,0.0,0,3600,0.46462020000000764,0.0,
2020-05-30 10:00:00,0.0,0,3600,0.46462020000000764,0.0,
2020-05-30 11:00:00,8.92161384939,69,3531,0.46462020000000764,0.0192,0.2783
2020-06-01 05:00:00,0.0,0,3600,0.4646202000000045,0.0,
2020-06-01 06:00:00,0.0,0,3600,0.46462020000000764,0.0,
2020-06-01 07:00:00,54.087222690138,180,3420,0.46462020000000764,0.05,0.6467
2020-06-01 08:00:00,192.92992330484418,518,3082,0.46462020000000764,0.1439,0.8016
2020-06-01 09:00:00,820.2313387696615,2040,1560,0.46462020000000764,0.5667,0.8654
2020-06-01 10:00:00,422.10409714215547,1037,2563,0.46462020000000764,0.2881,0.8761
2020-06-01 11:00:00,870.4155055310948,2140,1460,0.46462020000000764,0.5944,0.8754
2020-06-01 12:00:00,821.3465573433175,2043,1557,0.46462020000000764,0.5675,0.8653
2020-06-01 13:00:00,451.09933402181935,1112,2488,0.46462020000000764,0.3089,0.8731
2020-06-01 14:00:00,921.7147979421436,2267,1333,0.46462020000000764,0.6297,0.8751
2020-06-01 15:00:00,1055.5391590076617,2585,1015,0.46462020000000764,0.7181,0.8789
2020-06-01 16:00:00,1140.2944975461683,2786,814,0.46462020000000764,0.7739,0.8809
2020-06-01 17:00:00,1341.5885694458327,3279,321,0.46462020000000764,0.9108,0.8806
2020-06-01 18:00:00,208.54284394996822,516,3084,0.46462020000000764,0.1433,0.8699
2020-06-01 19:00:00,0.0,0,3600,0.46462020000000764,0.0,
2020-06-01 20:00:00,0.0,0,3600,0.46462020000000764,0.0,
2020-06-01 21:00:00,0.0,0,3600,0.46462020000000764,0.0,
2020-06-01 22:00:00,0.0,0,3600,0.46462020000000764,0.0,
2020-06-01 23:00:00,109.28983121720394,292,3308,0.46462020000000764,0.0811,0.8056
2020-06-02 00:00:00,1314.8237836520875,3208,392,0.46462020000000764,0.8911,0.8821
2020-06-02 01:00:00,492.36188693386106,1210,2390,0.46462020000000764,0.3361,0.8758
2020-06-02 05:00:00,252.5933224948984,694,2906,0.46462020000000764,0.1928,0.7834
2020-06-02 06:00:00,939.558034933328,2333,1267,0.46462020000000764,0.6481,0.8668
2020-06-02 07:00:00,987.511773839853,2442,1158,0.46462020000000764,0.6783,0.8704
2020-06-02 08:00:00,658.5270337373662,1612,1988,0.46462020000000764,0.4478,0.8792
2020-06-02 09:00:00,1117.4328884823808,2736,864,0.46462020000000764,0.76,0.879
2020-06-02 10:00:00,718.7479725212194,1789,1811,0.46462020000000764,0.4969,0.8647
2020-06-02 11:00:00,697.001512338057,1707,1893,0.46462020000000764,0.4742,0.8788
2020-06-02 12:00:00,136.61226811359595,365,3235,0.46462020000000764,0.1014,0.8056
2020-06-02 13:00:00,1233.4138778168528,3029,571,0.46462020000000764,0.8414,0.8764
2020-06-02 14:00:00,1202.7458734773313,2944,656,0.46462020000000764,0.8178,0.8793
2020-06-02 15:00:00,1139.7369161365525,2791,809,0.46462020000000764,0.7753,0.8789
2020-06-02 16:00:00,809.0793342349792,1984,1616,0.46462020000000764,0.5511,0.8777
2020-06-02 17:00:00,937.3276396018342,2319,1281,0.46462020000000764,0.6442,0.8699
2020-06-02 18:00:00,411.50967866329154,1023,2577,0.46462020000000764,0.2842,0.8658
2020-06-03 05:00:00,613.9188622739712,1543,2057,0.46462020000000764,0.4286,0.8563
2020-06-03 06:00:00,1036.0230802173878,2571,1029,0.46462020000000764,0.7142,0.8673
2020-06-03 07:00:00,928.4060211062417,2296,1304,0.46462020000000764,0.6378,0.8703
2020-06-03 08:00:00,1275.7921139227499,3070,530,0.46462020000000764,0.8528,0.8944
2020-06-03 09:00:00,1009.2581736223896,2505,1095,0.46462020000000764,0.6958,0.8672
2020-06-03 10:00:00,961.8619836020671,2372,1228,0.46462020000000764,0.6589,0.8728
2020-06-03 11:00:00,941.7883791566003,2348,1252,0.46462020000000764,0.6522,0.8633
2020-06-03 12:00:00,702.5774844050851,1753,1847,0.46462020000000764,0.4869,0.8626
2020-06-03 13:00:00,76.94892932416796,197,3378,0.4646202000000076,0.0551,0.8407
2020-06-03 14:00:00,0.0,20,3580,0.46462020000000764,0.0056,0.0
2020-06-03 15:00:00,1225.6073199240493,3028,572,0.46462020000000764,0.8411,0.8712
2020-06-03 16:00:00,775.0656788206902,1913,1687,0.46462020000000764,0.5314,0.872
2020-06-03 17:00:00,875.4338683112948,2171,1429,0.46462020000000764,0.6031,0.8679
2020-06-03 18:00:00,312.2566426995182,775,2825,0.46462020000000764,0.2153,0.8672
2020-06-04 05:00:00,107.61693830989195,300,3300,0.46462020000000764,0.0833,0.7721
2020-06-04 06:00:00,832.498459661556,2066,1534,0.46462020000000764,0.5739,0.8673
2020-06-04 07:00:00,0.0,0,3600,0.46462020000000764,0.0,
2020-06-04 08:00:00,531.3937285726735,1324,2276,0.46462020000000764,0.3678,0.8638
2020-06-04 09:00:00,344.59747025332194,856,2744,0.46462020000000764,0.2378,0.8664
2020-06-04 10:00:00,610.0155740351651,1515,2085,0.46462020000000764,0.4208,0.8666
2020-06-04 11:00:00,389.2055813160896,966,2634,0.46462020000000764,0.2683,0.8672
2020-06-04 12:00:00,930.6363142212921,2311,1289,0.46462020000000764,0.6419,0.8667
2020-06-04 13:00:00,1336.5699975865439,3288,312,0.46462020000000764,0.9133,0.8749
2020-06-04 14:00:00,930.078714226868,2290,1310,0.46462020000000764,0.6361,0.8742
2020-06-04 15:00:00,1117.9903026287252,2760,840,0.46462020000000764,0.7667,0.8718
2020-06-04 16:00:00,1107.3958934422649,2720,880,0.46462020000000764,0.7556,0.8763
2020-06-04 17:00:00,1313.150816405544,3222,378,0.46462020000000764,0.895,0.8772
2020-06-04 18:00:00,547.5643374900595,1359,2241,0.46462020000000764,0.3775,0.8672
2020-06-05 12:00:00,334.56063318407405,861,2739,0.46462020000000764,0.2392,0.8363
2020-06-05 13:00:00,277.68532224397825,688,2912,0.46462020000000764,0.1911,0.8687
2020-06-05 14:00:00,698.1166844496929,1718,1882,0.46462020000000764,0.4772,0.8746
2020-06-05 15:00:00,1044.944624373748,2577,1023,0.46462020000000764,0.7158,0.8727
2020-06-05 16:00:00,814.0976691379674,2006,1594,0.46462020000000764,0.5572,0.8735
2020-06-05 17:00:00,1134.160721051829,2795,805,0.46462020000000764,0.7764,0.8734
2020-06-05 18:00:00,345.15505630913987,880,2720,0.46462020000000764,0.2444,0.8442
2020-06-08 05:00:00,596.074951583497,1553,2043,0.46462020000000764,0.4319,0.8261
2020-06-08 06:00:00,839.1900359370054,1998,1602,0.46462020000000764,0.555,0.904
2020-06-08 07:00:00,1335.455308679912,3194,406,0.46462020000000764,0.8872,0.8999
2020-06-08 08:00:00,1078.95868865381,2605,995,0.46462020000000764,0.7236,0.8915
2020-06-08 09:00:00,1365.0082059546266,3252,348,0.46462020000000764,0.9033,0.9034
2020-06-08 10:00:00,1054.9818424315583,2525,1075,0.46462020000000764,0.7014,0.8993
2020-06-08 11:00:00,1090.6681352120477,2622,978,0.46462020000000764,0.7283,0.8953
2020-06-08 12:00:00,478.42181738023106,1180,2416,0.46462020000000764,0.3281,0.8726
2020-06-08 13:00:00,850.8997380363534,2033,1567,0.46462020000000764,0.5647,0.9008
2020-06-08 14:00:00,1296.981169251968,3068,532,0.46462020000000764,0.8522,0.9099
2020-06-08 15:00:00,1317.0554102271078,3082,518,0.46462020000000764,0.8561,0.9198
2020-06-08 16:00:00,1301.4426196756401,3046,554,0.46462020000000764,0.8461,0.9196
2020-06-08 17:00:00,1347.723488905861,3155,445,0.46462020000000764,0.8764,0.9194
2020-06-08 18:00:00,389.20589725782565,930,2170,0.4646202000000068,0.3,0.9007
